recommendation,u,v,distance_m,baseline_score,new_score,score_gain,baseline_mean_components,new_mean_components,baseline_lcc_ratio,new_lcc_ratio
Add redundant link A003 <-> A004,A003,A004,6102.75,0.9852,0.9935,0.0083,1.046,1.02,0.9875,0.9945
Add redundant link A001 <-> A004,A001,A004,2377.28,0.9852,0.990933,0.005733,1.046,1.028,0.9875,0.9923
Add redundant link A002 <-> A007,A002,A007,6921.55,0.9852,0.990167,0.004967,1.046,1.03,0.9875,0.9917
Add redundant link A003 <-> A005,A003,A005,6024.45,0.9852,0.987767,0.002567,1.046,1.038,0.9875,0.9897
